mse,mae
0.301844,0.345396
