mse,mae
0.329367,0.365335
