train_loss,valid_loss
0.523626,0.436001
0.472831,0.405267
0.448039,0.396108
0.434256,0.396531
0.424202,0.395975
0.416729,0.398060
0.411476,0.399736
0.406455,0.400238
0.402727,0.401325
0.399789,0.402535
0.397204,0.402701
0.395313,0.404579
0.393448,0.404719
0.391988,0.405895
0.390862,0.405093
0.389905,0.406140
0.389425,0.405518
0.389171,0.406203
0.389058,0.406471
0.388865,0.406883
