train_loss,valid_loss
0.464044,0.391260
0.418238,0.363250
0.394284,0.352137
0.381116,0.350233
0.372574,0.347799
0.366846,0.345915
0.362399,0.347523
0.358786,0.345396
0.355741,0.345544
0.353509,0.347053
0.351667,0.346397
0.349606,0.346625
0.348338,0.346611
0.347222,0.353835
0.346005,0.345174
0.345327,0.346286
0.344966,0.348891
0.344599,0.346669
0.344501,0.348241
0.344100,0.347663
