mse,mae
0.371624,0.396108
