mse,mae
0.263620,0.318069
