train_loss,valid_loss
0.444536,0.370710
0.392518,0.340909
0.365187,0.329482
0.348889,0.324469
0.339315,0.321616
0.332410,0.321273
0.327597,0.319023
0.323865,0.318779
0.320601,0.318742
0.317869,0.319620
0.314759,0.318531
0.313045,0.318069
0.311085,0.318225
0.309882,0.318654
0.308604,0.318397
0.307821,0.318620
0.307267,0.318730
0.306422,0.318480
0.306590,0.318272
0.306150,0.318068
