train_loss,valid_loss
0.487090,0.407342
0.437961,0.377325
0.415473,0.368154
0.403268,0.365335
0.395492,0.364750
0.390019,0.365071
0.385335,0.364558
0.381341,0.365628
0.378163,0.366696
0.375561,0.366787
0.373354,0.368175
0.371286,0.367664
0.369499,0.368165
0.368238,0.368868
0.367242,0.369562
0.366178,0.369386
0.365886,0.369241
0.365401,0.368845
0.365065,0.369256
0.364974,0.369108
