mse,mae
0.332838,0.369070
