train_loss,valid_loss
0.651904,0.350980
0.564874,0.334605
0.508560,0.327161
0.499166,0.325846
0.494836,0.325815
0.491581,0.324447
0.486135,0.324272
0.485610,0.324811
0.480332,0.324189
0.472073,0.324306
0.474039,0.324964
0.472008,0.325243
0.471271,0.324848
0.470934,0.324932
0.466224,0.326105
0.467120,0.325259
0.467572,0.325387
0.466308,0.325262
0.464400,0.325582
0.464577,0.325546
