mse,mae
0.266109,0.324447
