train_loss,valid_loss
0.892940,0.440179
0.831508,0.429241
0.776948,0.423486
0.750022,0.421132
0.749313,0.422255
0.738448,0.427556
0.742864,0.422687
0.746799,0.429450
0.756020,0.426067
0.743738,0.424440
0.740181,0.424002
0.734437,0.422054
0.727275,0.423413
0.726949,0.421524
0.723401,0.422403
0.723459,0.421174
0.718234,0.421107
0.718488,0.421871
0.717564,0.422755
0.723754,0.422025
