mse,mae
0.363009,0.396339
