train_loss,valid_loss
0.735845,0.394343
0.665976,0.379690
0.597447,0.371898
0.573884,0.369070
0.557700,0.369210
0.566152,0.370355
0.576594,0.370661
0.563117,0.372706
0.550764,0.370044
0.548292,0.370598
0.549796,0.371037
0.548720,0.370546
0.544404,0.370585
0.541408,0.371918
0.541946,0.370428
0.539810,0.371370
0.538959,0.371222
0.540093,0.371701
0.539775,0.370179
0.536650,0.370360
