mse,mae
0.384823,0.422054
