train_loss,valid_loss
0.793538,0.407673
0.735724,0.402588
0.670744,0.396338
0.647098,0.397220
0.637151,0.397019
0.625196,0.394573
0.615786,0.394565
0.610605,0.396286
0.605991,0.395247
0.602493,0.395567
0.594624,0.397580
0.597365,0.394591
0.595207,0.394601
0.594131,0.393175
0.590371,0.395021
0.591144,0.394810
0.590917,0.393434
0.588279,0.393939
0.587835,0.394042
0.584433,0.394596
