mse,mae
0.532286,0.556504
