mse,mae
0.551807,0.577341
