mse,mae
0.529287,0.560131
