mse,mae
0.540640,0.570963
