mse,mae
0.560583,0.534156
