mse,mae
0.696046,0.617310
