mse,mae
0.631358,0.576691
