mse,mae
0.858920,0.704471
