mse,mae
0.378035,0.407010
