train_loss,valid_loss
0.742305,0.423124
0.686824,0.407635
0.639581,0.393294
0.614255,0.385091
0.623542,0.388553
0.594477,0.382629
0.583115,0.377031
0.593564,0.381982
0.588517,0.377358
0.576138,0.376945
0.572651,0.376073
0.571908,0.375888
0.571126,0.375601
0.573434,0.379067
0.570944,0.377745
0.568933,0.375829
0.568348,0.376329
0.567422,0.375134
0.568422,0.375496
0.568894,0.376449
