mse,mae
0.403273,0.426463
