train_loss,valid_loss
0.796588,0.448217
0.747241,0.425996
0.696175,0.422176
0.666862,0.410719
0.647615,0.405094
0.640992,0.405138
0.660239,0.442715
0.648088,0.405357
0.630947,0.407010
0.626587,0.408369
0.638960,0.418730
0.643595,0.424194
0.645536,0.412633
0.633818,0.412049
0.625929,0.413291
0.625727,0.413192
0.623837,0.409499
0.622610,0.410064
0.621538,0.410074
0.620786,0.410221
