mse,mae
0.338545,0.376329
