mse,mae
0.434622,0.457109
