train_loss,valid_loss
0.845493,0.464367
0.797626,0.438739
0.736210,0.426463
0.714585,0.431409
0.743876,0.452205
0.730023,0.433630
0.710326,0.429177
0.695313,0.426222
0.688609,0.425787
0.676081,0.426413
0.670591,0.423491
0.670894,0.424115
0.667207,0.423055
0.666090,0.423547
0.661655,0.422361
0.660726,0.423596
0.659485,0.422877
0.658371,0.422505
0.659688,0.423457
0.660109,0.422464
