train_loss,valid_loss
0.934307,0.492578
0.879537,0.464570
0.825282,0.461656
0.796941,0.452766
0.817881,0.469822
0.803590,0.473819
0.790446,0.460574
0.778628,0.461524
0.776662,0.465594
0.759308,0.460405
0.750896,0.457109
0.747717,0.459109
0.741592,0.461980
0.741445,0.460579
0.737579,0.463559
0.735561,0.461671
0.732260,0.468156
0.733170,0.463384
0.732139,0.464296
0.733540,0.463772
