mse,mae
0.359482,0.394828
