train_loss,valid_loss
0.815631,0.420868
0.740731,0.404742
0.674209,0.398114
0.650202,0.394828
0.632441,0.395090
0.623998,0.394017
0.617259,0.393348
0.612304,0.392753
0.606202,0.393755
0.602511,0.393680
0.595230,0.393509
0.596616,0.395138
0.593077,0.392672
0.592728,0.392936
0.588681,0.393852
0.587265,0.394854
0.589815,0.393028
0.587063,0.394405
0.587861,0.394046
0.587902,0.393892
