train_loss,valid_loss
0.919621,0.470142
0.859797,0.448727
0.801398,0.435050
0.770470,0.428095
0.750521,0.426270
0.741098,0.424017
0.733763,0.423550
0.728228,0.421906
0.719111,0.421438
0.714173,0.420372
0.708912,0.419993
0.702745,0.418218
0.702187,0.420415
0.702339,0.419164
0.697418,0.418930
0.695447,0.418807
0.695102,0.418292
0.695810,0.418716
0.690490,0.418143
0.697066,0.418301
