mse,mae
0.266580,0.327223
