mse,mae
0.328274,0.367790
