mse,mae
0.382585,0.418218
