train_loss,valid_loss
0.732819,0.389689
0.662088,0.377632
0.607882,0.370960
0.588425,0.367790
0.571212,0.367360
0.562595,0.366899
0.556376,0.367153
0.550872,0.366660
0.549301,0.366728
0.541955,0.367951
0.538807,0.367588
0.537538,0.368407
0.539982,0.368730
0.535016,0.368547
0.531475,0.368763
0.531426,0.368927
0.531243,0.368901
0.531287,0.368900
0.530642,0.368758
0.528568,0.369373
