train_loss,valid_loss
0.644975,0.345793
0.582806,0.336067
0.538188,0.330049
0.520384,0.327223
0.504449,0.325656
0.499475,0.324760
0.493269,0.324773
0.489314,0.324830
0.487491,0.325030
0.483095,0.324282
0.480711,0.324379
0.476795,0.324528
0.480744,0.324623
0.476312,0.324910
0.475299,0.325040
0.474791,0.325322
0.473749,0.324608
0.473374,0.324935
0.472838,0.325192
0.473058,0.325127
