mse,mae
0.136183,0.198947
