train_loss,valid_loss
0.739829,0.264937
0.472185,0.216388
0.417931,0.189731
0.391303,0.179582
0.377653,0.174210
0.369111,0.176091
0.363474,0.173425
0.359227,0.165816
0.352891,0.167226
0.346908,0.169028
0.342383,0.162588
0.335959,0.162294
0.329839,0.161882
0.326307,0.162838
0.325132,0.162026
0.321674,0.163327
0.319422,0.163184
0.319730,0.164833
0.318268,0.163353
0.317309,0.164374
