mse,mae
0.149683,0.193993
