mse,mae
0.116177,0.167226
