train_loss,valid_loss
0.859464,0.373876
0.560964,0.246019
0.468694,0.216091
0.438686,0.195511
0.425355,0.191887
0.410734,0.190316
0.405151,0.189321
0.400542,0.187372
0.396147,0.185380
0.391457,0.188640
0.388618,0.189320
0.384419,0.189039
0.380681,0.189959
0.378043,0.191749
0.378161,0.189937
0.376115,0.189455
0.374409,0.193442
0.376532,0.193715
0.372187,0.190511
0.372616,0.191244
