train_loss,valid_loss
0.818283,0.317191
0.535855,0.270053
0.483961,0.251490
0.465113,0.221625
0.456327,0.219422
0.441199,0.215361
0.434520,0.198947
0.430366,0.208085
0.432640,0.201950
0.435922,0.222245
0.432838,0.204024
0.437862,0.225392
0.435067,0.215958
0.433641,0.215088
0.431497,0.225883
0.429072,0.212072
0.428707,0.214724
0.431173,0.223418
0.427386,0.221900
0.427965,0.224288
