train_loss,valid_loss
0.875793,0.387281
0.571938,0.256605
0.489918,0.230215
0.457141,0.210482
0.437325,0.198713
0.425192,0.197481
0.415719,0.197318
0.411046,0.194296
0.407932,0.190634
0.403920,0.191196
0.400433,0.193574
0.397854,0.191413
0.391851,0.192030
0.389360,0.193678
0.389447,0.194962
0.388222,0.192982
0.386902,0.196463
0.388133,0.193993
0.386140,0.193257
0.385919,0.195860
