mse,mae
0.138349,0.185380
