mse,mae
0.373522,0.402953
