mse,mae
0.313827,0.360485
