mse,mae
0.337955,0.377368
