mse,mae
0.282525,0.340232
