mse,mae
0.406558,0.431993
