mse,mae
0.376168,0.404412
