mse,mae
0.344470,0.380239
