mse,mae
0.426542,0.458126
