mse,mae
0.268877,0.331334
