mse,mae
0.331112,0.379158
