mse,mae
0.221284,0.296742
