mse,mae
0.165040,0.256117
