mse,mae
0.332682,0.369300
