train_loss,valid_loss
0.472050,0.385409
0.408373,0.360544
0.383047,0.355725
0.373772,0.350225
0.365960,0.349271
0.359020,0.350979
0.352330,0.350982
0.347166,0.351182
0.342867,0.352125
0.336551,0.352633
0.331874,0.353982
0.327966,0.355212
0.323469,0.365027
0.320461,0.359395
0.317026,0.362130
0.314872,0.357266
0.312768,0.363202
0.311993,0.363298
0.311186,0.364863
0.310819,0.365072
