train_loss,valid_loss
0.448391,0.357380
0.380134,0.333548
0.353239,0.325618
0.343029,0.323911
0.334924,0.320489
0.326766,0.320442
0.321223,0.320145
0.315809,0.317918
0.309950,0.319822
0.304851,0.320517
0.298763,0.324656
0.294266,0.325429
0.289769,0.326480
0.286883,0.327457
0.283906,0.326928
0.281344,0.327068
0.279977,0.328891
0.278861,0.328589
0.278345,0.327906
0.277880,0.327869
