mse,mae
0.306009,0.349271
