train_loss,valid_loss
0.517706,0.419607
0.467882,0.404596
0.445643,0.403615
0.433761,0.403561
0.425633,0.405325
0.415238,0.405944
0.406425,0.407526
0.397098,0.409842
0.391228,0.413765
0.384018,0.417026
0.377764,0.417284
0.372157,0.419759
0.367730,0.424022
0.364766,0.427674
0.360773,0.428485
0.357976,0.429173
0.356742,0.435325
0.355340,0.432228
0.355063,0.430515
0.354588,0.432131
