train_loss,valid_loss
0.486001,0.392928
0.430951,0.376251
0.410285,0.370952
0.398878,0.369300
0.390847,0.371417
0.390912,0.372549
0.386581,0.369019
0.375887,0.368815
0.369228,0.370727
0.362766,0.371808
0.357277,0.373831
0.352544,0.378431
0.348510,0.380303
0.344479,0.382433
0.341305,0.383278
0.339006,0.384868
0.336978,0.386826
0.335664,0.388616
0.334942,0.386174
0.334680,0.387082
