mse,mae
0.268456,0.320442
