mse,mae
0.378695,0.404596
