mse,mae
0.339046,0.372313
