mse,mae
0.374474,0.400688
