train_loss,valid_loss
0.759684,0.446437
0.711114,0.421086
0.667662,0.411072
0.650069,0.406017
0.634123,0.403310
0.623313,0.401566
0.620038,0.400688
0.612857,0.400793
0.612574,0.401030
0.604654,0.400497
0.602366,0.400783
0.600951,0.400143
0.600986,0.400817
0.599370,0.401450
0.596896,0.401049
0.596835,0.401362
0.597531,0.401661
0.594629,0.401254
0.598009,0.401182
0.596477,0.401016
