mse,mae
0.392741,0.418925
