train_loss,valid_loss
0.920728,0.542540
0.859586,0.488790
0.808397,0.465815
0.783554,0.459405
0.768357,0.459298
0.751877,0.455506
0.740548,0.456559
0.733242,0.457383
0.727913,0.459311
0.721288,0.460719
0.712591,0.461556
0.712072,0.461926
0.706132,0.461072
0.709961,0.464525
0.703264,0.463597
0.701478,0.465972
0.701087,0.464717
0.703228,0.464235
0.700124,0.464830
0.702516,0.465011
