mse,mae
0.429714,0.459405
