train_loss,valid_loss
0.834345,0.482196
0.775327,0.451758
0.722605,0.435442
0.697665,0.430138
0.678571,0.422660
0.669760,0.421450
0.663556,0.419217
0.658387,0.418925
0.653516,0.419466
0.647328,0.420115
0.641731,0.418675
0.643726,0.420162
0.638381,0.419944
0.640995,0.420370
0.635802,0.420042
0.636841,0.420338
0.634590,0.419577
0.633287,0.419998
0.633992,0.420828
0.632911,0.420889
