train_loss,valid_loss
0.699832,0.415028
0.656390,0.393192
0.620960,0.386040
0.604734,0.381609
0.589968,0.378489
0.581246,0.377392
0.577312,0.376229
0.572888,0.375897
0.569443,0.374439
0.564570,0.375247
0.562628,0.374110
0.559688,0.373652
0.561248,0.372893
0.559180,0.373425
0.555380,0.373385
0.556900,0.372850
0.557799,0.372634
0.557318,0.372519
0.556064,0.372264
0.556349,0.372313
