mse,mae
0.209479,0.283188
