mse,mae
0.154021,0.240761
