train_loss,valid_loss
0.358699,0.274469
0.304924,0.249720
0.275513,0.243834
0.262064,0.241585
0.254407,0.241835
0.249431,0.241136
0.245073,0.240761
0.242065,0.240892
0.238638,0.242330
0.236414,0.241751
0.234092,0.241835
0.232283,0.242996
0.230623,0.242406
0.229515,0.242883
0.228272,0.242575
0.227722,0.243137
0.227291,0.243225
0.226962,0.243141
0.226732,0.242943
0.226603,0.242720
