train_loss,valid_loss
0.385279,0.306375
0.343225,0.288542
0.315549,0.283188
0.301421,0.282660
0.292511,0.283231
0.286347,0.282798
0.281597,0.284146
0.278310,0.283361
0.275501,0.283875
0.272550,0.285402
0.270457,0.285029
0.268678,0.285835
0.266683,0.287154
0.265340,0.287016
0.264407,0.286268
0.263781,0.287335
0.263100,0.285600
0.262801,0.289718
0.262610,0.285863
0.262523,0.286055
