mse,mae
0.555142,0.516412
