mse,mae
0.510016,0.481483
