train_loss,valid_loss
0.873683,0.546873
0.779424,0.527284
0.746443,0.516412
0.728290,0.518050
0.711574,0.521820
0.699700,0.522981
0.685843,0.521822
0.674024,0.525630
0.664594,0.528647
0.657410,0.526711
0.650183,0.527025
0.643135,0.528870
0.637817,0.529005
0.633282,0.527650
0.629710,0.527934
0.628655,0.529647
0.625355,0.529273
0.624492,0.529126
0.623684,0.529064
0.622964,0.528489
