train_loss,valid_loss
0.842128,0.518224
0.746015,0.496171
0.712253,0.485001
0.694904,0.481483
0.679999,0.484278
0.665109,0.485808
0.654761,0.490467
0.655320,0.486084
0.642478,0.488403
0.633504,0.487518
0.626889,0.488847
0.620374,0.488615
0.615549,0.487956
0.611659,0.490558
0.607388,0.490117
0.605844,0.489964
0.603147,0.489202
0.601754,0.489939
0.601716,0.489398
0.600917,0.489680
