train_loss,valid_loss
0.939288,0.599209
0.842015,0.583932
0.806202,0.569698
0.779766,0.567765
0.757795,0.567425
0.741999,0.571355
0.727925,0.578373
0.714651,0.579127
0.706165,0.578176
0.698459,0.576990
0.692170,0.577392
0.686313,0.582827
0.681304,0.575214
0.678105,0.576209
0.674166,0.585009
0.671901,0.580500
0.671538,0.580889
0.669019,0.579860
0.668826,0.579030
0.668935,0.580043
