train_loss,valid_loss
0.894911,0.564612
0.806799,0.548212
0.773627,0.539829
0.748766,0.541100
0.729195,0.541666
0.716651,0.540574
0.702579,0.540349
0.689511,0.539267
0.681482,0.541649
0.673540,0.542117
0.666616,0.543830
0.660039,0.544274
0.654842,0.546106
0.650782,0.547605
0.647146,0.547807
0.646071,0.546637
0.643401,0.547305
0.642157,0.548481
0.641653,0.548745
0.641096,0.548349
