mse,mae
0.592009,0.540349
