mse,mae
0.637328,0.567765
