mse,mae
0.149516,0.192693
