mse,mae
0.136296,0.182631
