train_loss,valid_loss
0.953504,0.509176
0.707809,0.333940
0.553712,0.279334
0.507012,0.243677
0.476827,0.223528
0.454103,0.212546
0.443677,0.205313
0.439475,0.201128
0.435351,0.200332
0.431310,0.197490
0.428038,0.195811
0.426429,0.196193
0.420696,0.197424
0.418551,0.194455
0.419640,0.193841
0.418645,0.193269
0.417732,0.195596
0.420981,0.195449
0.416926,0.192824
0.416937,0.192693
