mse,mae
0.127551,0.182333
