train_loss,valid_loss
0.840614,0.380438
0.526273,0.252172
0.426432,0.197759
0.397825,0.172626
0.382854,0.165031
0.372372,0.163850
0.367424,0.164363
0.362394,0.158536
0.361123,0.162377
0.355240,0.158648
0.355434,0.162644
0.350126,0.156335
0.345679,0.157335
0.344371,0.156611
0.343290,0.156568
0.342580,0.157598
0.342455,0.158062
0.342290,0.156158
0.339556,0.156946
0.339279,0.157535
