mse,mae
0.111837,0.156611
