train_loss,valid_loss
0.926401,0.480341
0.682749,0.308198
0.509966,0.240947
0.458611,0.211537
0.442277,0.198538
0.426943,0.191389
0.419727,0.186049
0.418111,0.185722
0.414512,0.184325
0.410483,0.182631
0.412024,0.183177
0.408693,0.182756
0.404319,0.183547
0.403573,0.181097
0.403899,0.183548
0.401811,0.180383
0.400837,0.180519
0.403709,0.182391
0.400095,0.180466
0.402112,0.180551
