train_loss,valid_loss
0.873351,0.409167
0.622988,0.297582
0.490011,0.265159
0.447730,0.222897
0.431946,0.206537
0.416127,0.199160
0.409873,0.190893
0.416666,0.199356
0.410186,0.192223
0.406279,0.204162
0.404646,0.194823
0.401316,0.189095
0.397079,0.181895
0.401759,0.198141
0.402572,0.200780
0.399887,0.182333
0.397928,0.197789
0.401456,0.201737
0.397325,0.196065
0.398716,0.199113
