mse,mae
0.208605,0.283491
