train_loss,valid_loss
0.349917,0.266047
0.282500,0.245945
0.259773,0.243144
0.250319,0.241481
0.243731,0.242213
0.236723,0.242517
0.230471,0.243333
0.225587,0.245048
0.220580,0.246479
0.217831,0.246846
0.214871,0.247982
0.211835,0.247332
0.208853,0.247669
0.208160,0.248608
0.206064,0.248924
0.204279,0.248004
0.203322,0.249777
0.202614,0.248661
0.202182,0.249222
0.202070,0.249668
