train_loss,valid_loss
0.411216,0.335796
0.351049,0.317639
0.329511,0.316654
0.319739,0.316626
0.309014,0.319980
0.304566,0.320547
0.297428,0.324189
0.291123,0.326948
0.289995,0.326131
0.290443,0.329087
0.284062,0.333384
0.280411,0.334935
0.277901,0.336192
0.275051,0.339556
0.273239,0.337630
0.271662,0.338214
0.270413,0.339056
0.269570,0.340048
0.269175,0.338971
0.269044,0.339243
