mse,mae
0.153001,0.241481
