mse,mae
0.258052,0.317639
