train_loss,valid_loss
0.373983,0.299945
0.310122,0.283247
0.291996,0.283491
0.281342,0.286417
0.274523,0.289917
0.266669,0.292272
0.260765,0.293660
0.255460,0.296339
0.250556,0.297060
0.248571,0.299164
0.244631,0.309649
0.240884,0.299134
0.237494,0.299090
0.235247,0.301032
0.233136,0.299886
0.231605,0.306887
0.230291,0.304048
0.229204,0.301891
0.228917,0.300896
0.228864,0.300449
