train_loss,valid_loss
0.460687,0.379819
0.405814,0.367177
0.378570,0.369717
0.362772,0.369550
0.351646,0.372468
0.345622,0.372186
0.336606,0.375134
0.331872,0.375213
0.328053,0.376517
0.325940,0.378692
0.320148,0.379859
0.315078,0.383090
0.311799,0.384109
0.308541,0.385396
0.305916,0.384895
0.304209,0.386413
0.302565,0.387578
0.301622,0.387014
0.300907,0.387286
0.300603,0.386964
