mse,mae
0.334672,0.367177
