mse,mae
0.639795,0.573796
