train_loss,valid_loss
0.890400,0.592157
0.814483,0.558945
0.781790,0.546003
0.764108,0.542276
0.751047,0.540323
0.744232,0.539478
0.736436,0.540400
0.729932,0.539438
0.727175,0.539108
0.723770,0.539776
0.720542,0.541187
0.716625,0.541184
0.714472,0.541103
0.712660,0.540666
0.711032,0.541189
0.711043,0.541975
0.710062,0.541281
0.709043,0.541170
0.708810,0.541655
0.707652,0.541273
