mse,mae
0.559069,0.519958
