train_loss,valid_loss
0.966878,0.660723
0.868679,0.600126
0.825049,0.586679
0.804159,0.581671
0.790124,0.576122
0.781302,0.573796
0.773387,0.573119
0.766076,0.578028
0.762671,0.575373
0.759010,0.576117
0.755869,0.574118
0.753384,0.574324
0.751093,0.574415
0.750228,0.574960
0.747078,0.573355
0.746428,0.573787
0.746692,0.574777
0.745323,0.574308
0.744651,0.573194
0.744723,0.577732
