train_loss,valid_loss
0.824836,0.524041
0.747298,0.500589
0.717273,0.490140
0.701980,0.487278
0.691069,0.487017
0.682896,0.486491
0.674049,0.488818
0.666736,0.487930
0.663186,0.489900
0.658926,0.491189
0.655799,0.491280
0.652993,0.490646
0.649236,0.491173
0.646982,0.491123
0.644793,0.491310
0.645496,0.491077
0.643524,0.492052
0.642152,0.491567
0.643474,0.491890
0.641916,0.491928
