mse,mae
0.584702,0.539478
