mse,mae
0.511794,0.487278
