train_loss,valid_loss
0.855597,0.558958
0.784630,0.534008
0.754762,0.523762
0.739359,0.520477
0.727661,0.519958
0.721390,0.521814
0.713769,0.521006
0.707640,0.520732
0.702673,0.523632
0.699727,0.523101
0.695704,0.524430
0.692545,0.523935
0.689748,0.524073
0.688239,0.524254
0.685854,0.524761
0.685407,0.524527
0.684678,0.525047
0.683733,0.524728
0.683538,0.524699
0.682826,0.525031
