mse,mae
0.365688,0.409715
