mse,mae
0.279954,0.340372
