mse,mae
0.334919,0.383395
