mse,mae
0.412950,0.444559
